{
  "cv_scores": [
    -4.9715507503132255
  ],
  "average_r2": -4.9715507503132255,
  "accuracy_percent": 0,
  "model_type": "RandomForest",
  "test_predictions": 197,
  "direction_accuracy": 2.5380710659898478,
  "price_accuracy": 97.0132145131905,
  "final_accuracy": 49.77564278959018,
  "mape": 2.9867854868094965,
  "predictions": [
    43030.77538892657,
    43030.01533245942,
    43030.27589453187,
    43030.611512325355,
    43030.800402634864,
    43029.81879593582,
    43030.68768804832,
    43031.10458229042,
    43030.39695321574,
    43030.05354432088,
    43030.4716168716,
    43030.68611724402,
    43030.69326847557,
    43030.871360979334,
    43030.95305968343,
    43030.97848083589,
    43031.14299748268,
    43030.28071902335,
    43030.434583142734,
    43030.736813977186,
    43030.35080497491,
    43031.116907718,
    43030.63549355102,
    43030.49013322745,
    43030.92791498022,
    43031.05435119098,
    43030.649796483616,
    43031.1548428173,
    43030.699823900286,
    43031.294956296035,
    43030.67517398412,
    43031.040862794325,
    43030.91447003995,
    43030.965893770604,
    43030.67517398413,
    43031.29491276144,
    43030.889209153334,
    43030.26326393199,
    43031.07910330063,
    43030.60446234846,
    43031.18101984673,
    43030.5992163252,
    43030.72527424515,
    43030.014300054994,
    43030.00951929368,
    43030.66042015105,
    43030.26208572119,
    43030.52208053369,
    43030.1427724102,
    43030.83838162082,
    43030.81380392326,
    43031.054525759566,
    43030.62401208682,
    43031.0404701617,
    43030.4333177063,
    43030.718529636186,
    43031.042331365985,
    43031.409372681796,
    43031.00423650956,
    43031.23114953518,
    43030.58476782093,
    43030.66136517344,
    43030.16759679715,
    43030.70087111617,
    43031.19330154415,
    43030.51007559844,
    43030.96455607645,
    43030.64257178147,
    43030.37007795109,
    43030.18092580825,
    43030.926620977145,
    43030.43323044155,
    43030.8639771463,
    43030.28266786397,
    43031.26917189923,
    43030.396604313275,
    43031.21873688198,
    43031.00417796794,
    43031.14360821849,
    43030.77645083663,
    43030.58555335997,
    43030.812509920186,
    43030.54725419468,
    43030.1865204013,
    43030.16204534732,
    43030.31970159283,
    43030.546309094076,
    43030.43349219669,
    43030.598038192606,
    43030.775868823956,
    43031.1052367564,
    43031.156267815284,
    43031.459545943915,
    43031.23114953518,
    43030.83842519449,
    43030.10365900231,
    43030.358712787645,
    43031.1548428173,
    43030.674126768245,
    43030.952448947624,
    43030.635929718235,
    43030.20653563647,
    43030.85114305912,
    43030.24460173068,
    43031.2312803736,
    43030.92787140655,
    43031.21873688199,
    43030.97848083589,
    43031.25702123581,
    43030.96516681225,
    43030.12345578206,
    43030.83829435606,
    43030.02770134339,
    43030.560801328524,
    43030.79996646764,
    43030.414524471,
    43030.48536714066,
    43030.91564825075,
    43030.95240521745,
    43030.59843070796,
    43030.50998833368,
    43030.926446408565,
    43030.52173155302,
    43030.66119068306,
    43030.99744813113,
    43030.33292839084,
    43030.80005373239,
    43030.48392713565,
    43030.661932374656,
    43030.87710202451,
    43030.54895579834,
    43031.15541001852,
    43031.003189293675,
    43030.99060226746,
    43030.12918164397,
    43030.47299813941,
    43030.70010058415,
    43030.95271070275,
    43030.813164229665,
    43030.60454961322,
    43030.92727528662,
    43030.77586882396,
    43031.02919183273,
    43031.080222891615,
    43030.92827885064,
    43030.91564825075,
    43031.02836287637,
    43029.844580332625,
    43030.91617172181,
    43031.26925920306,
    43031.117213046804,
    43030.952536212375,
    43030.76922613448,
    43030.490613163915,
    43031.18110711149,
    43030.67517398412,
    43031.34517328832,
    43030.88859841753,
    43030.49013322745,
    43030.77573790724,
    43030.218075388075,
    43030.50998833368,
    43030.77426933559,
    43030.40770779988,
    43030.699518571484,
    43030.281358716944,
    43030.62491345725,
    43030.73799210979,
    43030.66190361244,
    43031.002622170665,
    43030.23621409876,
    43030.73116019677,
    43030.36964178387,
    43030.661452438195,
    43030.928002244975,
    43031.156180550526,
    43030.54731248209,
    43030.80153723287,
    43031.07888515838,
    43030.24451446593,
    43030.926708085404,
    43030.20662290122,
    43030.91460095658,
    43030.57920138364,
    43030.965472336626,
    43030.96455607645,
    43030.331488385826,
    43030.547603253646,
    43030.928002244975,
    43031.130483418485,
    43031.23114953518,
    43030.990602267455,
    43030.96580650585,
    43030.62491345725,
    43030.76377650659,
    65482.831280450395,
    65793.025201091
  ],