{
  "validated_at": "2025-08-24T16:40:11.310769",
  "real_world_accuracy": {
    "1d": 0.0,
    "7d": 0.5,
    "14d": 0.0
  },
  "price_error_rates": {
    "1d": 4.564359940610881,
    "7d": 3.165404257431466,
    "14d": 30.6560918465896
  },
  "reliability_score": 0.16666666666666666
}